{"val_score": 48.74, "full_es": 0, "prune_data": [{"rem_weight": 99.99989258901819, "val_score": 47.4, "rand_init": 49.16, "pruned_es": 0, "rand_es": 0, "training_data": [{"epoch": 0, "train_loss": 1.6587863958676656, "train_score": 0.40926666666666667, "val_score": 0.474, "val_loss": 1.4375898027420044}]}, {"rem_weight": 99.99989258901819, "val_score": 47.9, "rand_init": 47.68, "pruned_es": 0, "rand_es": 0, "training_data": [{"epoch": 0, "train_loss": 1.6664902205467225, "train_score": 0.404, "val_score": 0.479, "val_loss": 1.4309906492233275}]}]}